employer,notice_date,number_of_employees_affected,warn_type,city,zip,lwib_area,address,record_number,detail_page_url
"Atlas Hospitality Group, LLC","Apr 30, 2026",67,WARN,Baltimore,21231,1 - Statewide,"1429 Aliceanna Street; Baltimore, Maryland 21231",110,https://joblink.delaware.gov/search/warn_lookups/110
Conduent,"Jun 29, 2026",1,WARN,Florham Park,07932,1 - Statewide,"Sarah Amoriell, 100 Campus Dr. ; Florham Park, New Jersey 07932",111,https://joblink.delaware.gov/search/warn_lookups/111
JeniusBank,"Aug 10, 2026",,WARN,New York,10172,1 - Statewide,,112,https://joblink.delaware.gov/search/warn_lookups/112
Thomson Reuters,"Dec 05, 2018",14,Non-WARN,,,1 - Statewide,,68,https://joblink.delaware.gov/search/warn_lookups/68
PPG Architectural Coatings,"Jun 07, 2018",66,WARN,,,1 - Statewide,,60,https://joblink.delaware.gov/search/warn_lookups/60
Sears Holdings Prices Corner,"Jan 04, 2018",,WARN,,,1 - Statewide,,62,https://joblink.delaware.gov/search/warn_lookups/62
"Formosa Plastics Corp., USA","Jul 25, 2018",,WARN,,,1 - Statewide,,65,https://joblink.delaware.gov/search/warn_lookups/65
Thomson Reuters,"Dec 05, 2018",,Non-WARN,,,1 - Statewide,,66,https://joblink.delaware.gov/search/warn_lookups/66
Hygience,"Aug 02, 2018",,Non-WARN,,,1 - Statewide,,67,https://joblink.delaware.gov/search/warn_lookups/67
HSBC Card and Retail Services,"Jan 18, 2011",530,WARN,,,1 - Statewide,,34,https://joblink.delaware.gov/search/warn_lookups/34
A&P/Pathmark,"Feb 15, 2011",82,WARN,,,1 - Statewide,,35,https://joblink.delaware.gov/search/warn_lookups/35
Wilmington Trust/M&T Bank,"Feb 09, 2011",,WARN,,,1 - Statewide,,36,https://joblink.delaware.gov/search/warn_lookups/36
Access Group,"Dec 11, 2011",,WARN,,,1 - Statewide,,39,https://joblink.delaware.gov/search/warn_lookups/39
